trainer_id,trainer_name,phone,mail,no_of_students
TRN001,Ramesh Kumar,+91 98765 43210,ramesh.kumar@gmail.com,68
TRN002,Kavita Sharma,+91 98765 43211,kavita.sharma@gmail.com,64
TRN003,Ankit Verma,+91 98765 43212,ankit.verma@gmail.com,105
TRN004,Pooja Sharma,+91 98765 43213,pooja.sharma@gmail.com,55
TRN005,Sanjay Rao,+91 98765 43214,sanjay.rao@gmail.com,50
TRN006,Vikram Malhotra,+91 98765 43215,vikram.malhotra@gmail.com,48
TRN007,Rajesh Gupta,+91 98765 43216,rajesh.gupta@gmail.com,42
TRN008,Meera Nair,+91 98765 43217,meera.nair@gmail.com,41
TRN009,Sneha Reddy,+91 98765 43218,sneha.reddy@gmail.com,39
